{"0": [{"First": [[0.11283354, 0.04369888]], "Finish": [[0.10184537, 0.1813602]]}], "1": [{"First": [[0.07624975, 0.22122833]], "Finish": [[0.01508276, 0.22248935]]}], "2": [{"First": [[0.00498009, 0.11989662]], "Finish": [[-0.01715755, 0.11977737]]}], "3": [{"First": [[-0.06576925, 0.22248237]], "Finish": [[-0.0933768, 0.22758904]]}], "4": [{"First": [[-0.0990632, 0.22735541]], "Finish": [[-0.13549654, 0.23238263]]}], "5": [{"First": [[-0.14552383, 0.19084762]], "Finish": [[-0.14382285, 0.034914]]}], "6": [{"First": [[-0.14613511, -0.01592258]], "Finish": [[-0.15041535, -0.10597746]]}], "7": [{"First": [[-0.1250683, -0.11366143]], "Finish": [[0.09079997, -0.12314368]]}], "8": [{"First": [[0.08876227, -0.09634449]], "Finish": [[0.10063716, -0.06536178]]}]}