{"0": [{"First": [[1861065168.0, -1078321015.0]], "Finish": [[0.6683037385662914, 0.030514144561462446]]}], "1": [{"First": [[0.6577795825254554, 0.24233658579058473]], "Finish": [[-0.31301537254321027, 0.12213671254637276]]}], "2": [{"First": [[-0.3478565738369909, 0.05384982858273606]], "Finish": [[-0.3859821019519246, -0.003717118880811223]]}], "3": [{"First": [[-0.43210701097559406, -0.06521143355070352]], "Finish": [[0.5447862545684753, -0.3144025076764694]]}]}